Indicator,Value
LFPR,0.5172338790692174
WPR,0.49295859490622285
Unemployment_rate,0.0469328965973359
Informality_share,0.7882828208762
Male_mean_wage,16138.721330462213
Female_mean_wage,10732.583714232098
Overall_mean_wage,14605.402783144295
Gender_wage_gap,0.33497930260595704
LFPR_Male,0.7001109360914269
LFPR_Female,0.30901252407165947
