Measure,Value,Pct_of_Total
Gini Coefficient,0.42673069906720074,100.0
Theil T,0.31613103648411905,100.0
Theil (Between-sex),0.005324830445727277,1.6843744622318257
Theil (Within-sex),0.31080106000664925,98.31399772172082
