Component,Value_log,Share_pct
Raw Gap (log),0.4070532424718909,100.0
Explained (endowments),0.12204114494738001,29.981617197363946
Unexplained (coefficients),0.2850120975243744,70.01838280260252
