Component,Value_log,Share_pct
Raw Gap (log),0.4256557346450318,100.0
Explained (endowments),0.0013894927834356044,0.3264358189827626
Unexplained (returns),0.4242662418635961,99.67356418148708
